address,addval
0,0
411033,1
 7 Star City Marunji Road Hinjewadi,2
 AWHO Vijay Vihar,3
 Aadarsh Nagar,4
 Abasaheb Raikar Nagar,5
 Aboli Villa,6
 Adarsh Colony,7
 Adarsh Nagar,8
 Adarsh Nagar Colony,9
 Adinath Colony,10
 Airport Road,11
 Akurdi,12
 Alandi,13
 Alandi Road,14
 Amanoara Town Ship,15
 Amanora Victory Tower,16
 Amanora town ship,17
 Ambedkar Nagar,18
 Ambegaon,19
 Ambegaon Bk,20
 Ambegaon Budruk,21
 Ambegaon Kh,22
 Ambegaon Pathar,23
 Ambegoan BK.,24
 Ambre colony,25
 Amnora town ship,26
 Anand Nagar,27
 Anand Nagar Colony,28
 Anand Park,29
 Anand Park Dhanori,30
 Anand Park Nagar,31
 Anand Park Wadgaonsheri,32
 Anandnager,33
 Anandpark,34
 Anthon Nagar,35
 Apex Colony,36
 Arihant apartment dighi pune,37
 Armut,38
 Ashok Nagar,39
 Ashoka Nagar,40
 Aundh,41
 Aundh Annexe,42
 Aundh Gaon,43
 Aundh Road,44
 Autadwadi Handewadi,45
 Awhalwadi,46
 Awhalwadi road,47
 Azad Nagar,48
 Azadnagar Kothrud Pune,49
 B.T Kawade Road,50
 B6/202,51
 BT kawade Road,52
 Back To Reliance Mart,53
 Backside of Tingare Garden,54
 Baderaj Colony,55
 Bakhori,56
 Bakori Road,57
 Bakori road,58
 Balaji Nagar,59
 Balaji Uddyam Nagar,60
 Balewadi,61
 Balewadi Phata,62
 Baliraj Colony,63
 Baliraj Colony Rahatni,64
 Baner,65
 Baner Pashan Link Road,66
 Baner-Sus,67
 Bank of maharashtra atm,68
 Bankar Vasti,69
 Baramati,70
 Bavdhan,71
 Bebadohal,72
 Behind : Bharati Vidyapith,73
 Behind Bharati Vidhyapeeth Katraj,74
 Behind Khadki Railway Station,75
 Behind Punjab National Bank,76
 Bekrai Nagar,77
 Bhageerath,78
 Bhagwan Nagar,79
 Bhagyoday Nagar,80
 Bhairav Nagar,81
 Bhandarkar Road,82
 Bharati Vidyapeeth,83
 Bharatkunj - 1,84
 Bharti Nagar,85
 Bharti Vidyapeeth,86
 Bhat Nagar,87
 Bhausaheb Kalate Nagar,88
 Bhavani Super market,89
 Bhawani Peth,90
 Bhekrai Nagar,91
 Bhelkenagar,92
 Bhilarewadi,93
 Bhimashankar Nagar,94
 Bhosale Nagar,95
 Bhosale village,96
 Bhosalenagr- Ashoknagar,97
 Bhosari,98
 Bhugaon,99
 Bhujbal Vasti,100
 Bhukum,101
 Bhumkar Nagar,102
 Bhunde Vasti,103
 Bhurani Colony,104
 Bhusari Colony,105
 Bibvewadi Kondhwa Road,106
 Bibwewadi,107
 Bibwewadi Annex,108
 Bibwewadi Kondhwa Road,109
 Bibwewadi Kondhwa road,110
 Bijali Nagar,111
 Bijlinagar,112
 Boat Club Road,113
 Bopkhel,114
 Bopodi,115
 Borade Vasti,116
 Borhade Wadi,117
 Bund Garden,118
 Camp,119
 Camp Pune,120
 Chaitanya Nagar,121
 Chaitanya Park,122
 Chaitanyanagar,123
 Chakan,124
 Chandan Nagar,125
 Chandni Chowk,126
 Chandrabhaga Nagar,127
 Chandralok Nagari,128
 Charholi,129
 Charholi Budruk,130
 Charholi Kurd,131
 Chaudhari Park,132
 Chikhali,133
 Chimbali,134
 Chinchwad,135
 Chinchwad Gaon,136
 Chinchwad Ruston Colony,137
 Chintamani Nagar,138
 Chintamani chowk,139
 Choudhari Vasti Kharadi,140
 Chovisawadi,141
 Clover Park,142
 Colony no.1 shivrajnagar,143
 D P Road,144
 DANGE CHOWK ROAD,145
 DHANORI,146
 DP Road,147
 DP Road Hadapsar,148
 DYPatil LOHEGAON,149
 Dagadu Patel Nagar,150
 Dahanukar Colony,151
 Dalvinagar,152
 Dangat Patil Nagar,153
 Dange Chowk,154
 Dapodi,155
 Dashrath Nagar,156
 Dattanagar,157
 Dattawadi,158
 Dattraj Colony,159
 Deccan Gymkhana,160
 Deep Bangla Chowk,161
 Defence Area,162
 Dehu,163
 Dehu Road,164
 Dehuroad CB,165
 Dhankawadi,166
 Dhanori,167
 Dhanori Gaothan,168
 Dhanori Jakat Naka,169
 Dhanori Rd,170
 Dhanori lohegaon road,171
 Dhanukar Colony,172
 Dhayari,173
 Dhayari Phata,174
 Dhayari Phata ,175
 Dhayarigoan,176
 Dhayri,177
 Dhole Patil Road,178
 Dhore Nagar,179
 Dibanglachowk,180
 Digambar Nagar,181
 Dighi,182
 Dighi Chaudhary park,183
 Dive,184
 Divine Home Lohagoan,185
 Dnyaneshwar Nagar,186
 Doghi Road Bhosari,187
 Dombi Wadi,188
 Dp Road,189
 Dudhane Nagar,190
 Dulya Maruti Temple,191
 Dy patil College Rd near park vista building,192
 ELPRO Industries Ltd,193
 Eknath Pathare Vasti,194
 Eon Free Zone ,195
 Erandwana Gaothan,196
 Erandwane,197
 Ex Police colony wakad,198
 Extention of D.P.rd,199
 F C Road,200
 Famous chowk new sangvi,201
 Fatima Nagar,202
 Flat,203
 Fursungi Gaon,204
 Gadital,205
 Gahunje,206
 Gaikwad Nagar,207
 Gaikwad Vasti,208
 Gandhi Peth,209
 Ganesh Nagar,210
 Ganesh Nagar Wadgaosheri,211
 Ganesh Nagar-Dapodi,212
 Ganesh Nager,213
 Ganesh Peth,214
 Ganga Heights,215
 Ganga Nagar,216
 Ganga Park Near Passport Office,217
 Gangadham,218
 Gangarde Nagar,219
 Gangotri Nagar,220
 Garmal,221
 Ghorpade Peth,222
 Ghorpade Wasti,223
 Ghorpadi,224
 Ghotawade Phata,225
 Giridhar Nagar,226
 Godbole,227
 Gokhale Nagar,228
 Gokul Colony,229
 Gokul Nagar,230
 Gondhale Nagar,231
 Grevillea,232
 Gujarat Colony,233
 Gujarat Colony kothrud,234
 Gujrat Colony,235
 Gulab Nagar,236
 Gultekadi,237
 Guru Nanak Nagar,238
 Guruvar Peth,239
 Hadapsar,240
 Hadapsar Gaon,241
 Hadapsar Indutrial Estate,242
 Hadapsar Near Magar Patta City,243
 Hadapsar Phursungi,244
 Hadapsar sasane nagar,245
 Hadpasar,246
 Handewadi,247
 Hanuman Nagar,248
 Hanuman. Nagar Mundhwa,249
 Happy Colony,250
 Harihareshwar,251
 Hasabnis Bakhal,252
 Hingane Khrud,253
 Hingane Mala,254
 Hingne Budrukh,255
 Hingne Khurd,256
 Hinjawadi,257
 Hinjawadi Laxmi Chowk,258
 Hinjawadi phase1,259
 Hinjewa,260
 Hinjewadi,261
 Hinjewadi Phase 1,262
 Hinjewadi Phase 2,263
 Hinjewadi phase 3,264
 Hinjiwadi,265
 Hirai sitai mandir,266
 ICS Colony,267
 Icchapurti ganpati,268
 Ideal Colony,269
 India,270
 Indira Nagar,271
 Indrayani Nagar,272
 Indrayani Nagar Sector 2,273
 Ingawale Nagar,274
 J. M Road,275
 J.M Road,276
 JSPM ROAD,277
 Jadhav Nagar,278
 Jadhav Wadi aaherwadi chowk,279
 Jadhav wadi/Muktsainik,280
 Jagdish Nagar,281
 Jagtap Dairy,282
 Jai Bhavani Nagar,283
 Jai Prakash Nagar,284
 Jambhe,285
 Jambhul,286
 Jambhulkar Mala,287
 Jambhulwadi,288
 Jambhulwadi Road,289
 Jarande Nagar,290
 Jawakar Nagar,291
 Jawalkar Nagar,292
 Jaymala Nagar,293
 Jayprakash Nagar,294
 Jijai Nagar,295
 Jyotiba Colony,296
 Jyotiba Nagar,297
 KHARADI,298
 Kad Nagar,299
 Kakde City Warje,300
 Kala Khadak,301
 Kalas,302
 Kalas Area,303
 Kalbhor Nagar,304
 Kale Colony,305
 Kale Padal,306
 Kale Padal Hadapsar,307
 Kale Padal road,308
 Kalepadal,309
 Kalewadi,310
 Kalewadi Phata,311
 Kalwad Wasti,312
 Kalyani Nagar,313
 Kalyani Nagar Annexe,314
 Kalyaninagar,315
 Kamgar Nagar,316
 Kanchan Nagari,317
 Kanhe,318
 Kanifnath Colony,319
 Karambhumi Nagar,320
 Karegaon,321
 Karpe Nagar,322
 Karve Nagar,323
 Karve Nagar Near Cummins Collage,324
 Karve Road,325
 Karve nager pune,326
 Kasar Amboli,327
 Kasarsai,328
 Kasarwadi,329
 Kasat Nagar,330
 Kasba Peth,331
 Kashid Nagar,332
 Kashid Park,333
 Kashinath Patil Nagar,334
 Kaspate Vasti,335
 Kasurdi,336
 Kate Wasti,337
 Katey Basti,338
 Katraj,339
 Katraj Kondhwa Road,340
 Kavde Nagar,341
 Kaveri Nagar,342
 Kedari Nagar,343
 Kedgaon Station,344
 Kemse Vasti,345
 Keshav Nagar,346
 Keshav Nagar Chinchwad,347
 Keshav Nagar Mantria Insignia,348
 Keshav Nagar mundhwa,349
 Keshavnagar,350
 Keshavnagar.mundwa,351
 Kesnand,352
 Kesnand Theur Road,353
 Khadki,354
 Khandve Nagar,355
 Kharabwadi,356
 Kharadi,357
 Kharadi Bypass,358
 Kharadi Gaonthan Transformer,359
 Kharadi Kharpude Nagar,360
 Kharadi Road,361
 Kharadkar Nagar,362
 Kharalwadi,363
 Khed,364
 Khedekar Nagar,365
 Khese Park,366
 Khilarewadi,367
 Kirkatwadi,368
 Kirtane Baugh,369
 Kirti Nagar,370
 Kiwale,371
 Kolawadi,372
 Kolhewadi,373
 Kolwadi,374
 Kondhawe Dhawade,375
 Kondhwa,376
 Kondhwa Budruk,377
 Kondhwa road,378
 Koregaon Bhima,379
 Koregaon Mul,380
 Koregaon Park,381
 Koregaon Park Annexe,382
 Koregaon Park Lane 7,383
 Kothrud,384
 Kothrud City Pride,385
 Kothrud more vidyalay,386
 Kranti Nagar,387
 Krantiveer nager,388
 Krushna Colony,389
 Kumthekar road,390
 Kunj Colony,391
 Kutwal Colony,392
 Lane 1,393
 Lane No.7,394
 Law Collage Road,395
 Law College Road,396
 Laxman Nagar,397
 Laxmi Nagar,398
 Laxmi Vihar,399
 Laxmi-Narayan Nagar,400
 Lohegaon,401
 Lohegaon-dhanori road,402
 Lohegaon.,403
 Lokmanya Nagar,404
 Londhe Wada,405
 Loni,406
 Loni Kalbhor,407
 Lonikand,408
 Lonkar chowk,409
 Lullanagar,410
 MIDC,411
 MIDC Chinchwad,412
 Maan,413
 Macdonalds Rainbow Crossword Wagholi Pune,414
 Madhav Nagar,415
 Madhuban Colony,416
 Magarpatta,417
 Magarpatta City Hadapsar,418
 Mahadeonagar,419
 Mahadev Nagar,420
 Mahadev nagar HADAPSAR,421
 MahadevNagar,422
 Mahaganesh Colony,423
 Mahalunge,424
 Mahalunge Ingale,425
 Mahamadwadi khind,426
 Maharaja Complex Paud,427
 Maharashtra,428
 Maharashtra Housing Board Yerwada,429
 Maharshi Nagar,430
 Mahatma Society,431
 Maji Sainik Nagar,432
 Mallik Nagar,433
 Malwadi,434
 Mamta Nagar,435
 Mamurdi,436
 Manaji Nagar,437
 Manajinagar Narhe,438
 Mandai,439
 Mane Wasti,440
 Mangal Das Road,441
 Mangalwar Peth,442
 Mangdewadi,443
 Manik Baug,444
 Manjari Budruk,445
 Manjari Khurd,446
 Manjri,447
 Manjri BK,448
 Mantra Insignia,449
 Mantri Angan Near Passport Office,450
 Market yard,451
 Marungi road Laxmi Chowk,452
 Marunji,453
 Marutirao Gaikwad Nagar ,454
 Marvel Crest Koregaon Park,455
 Marvel zephyr,456
 Masulkar colony Ajmera pimpri,457
 Mate Nagar,458
 Matoba Nagar,459
 Mauli Park,460
 Maurya Vihar,461
 Mayur Colony,462
 Medankarwadi,463
 Meera Nagar,464
 Meeta Nagar,465
 Mental Hospital Corner,466
 Mhada Colony,467
 Mhalunge-Hinjewadi,468
 Mhasoba Nagar,469
 Model Colony,470
 Model colony gokhalenagar,471
 Moghul Garden Society Koregaon Park,472
 Mohamadwadi,473
 Mohammadwadi,474
 Mohan Nagar,475
 Mohanwadi,476
 Morwadi,477
 Moshi,478
 Mukund Nagar,479
 Mumbai-Bangalore Highway,480
 Mundhawa,481
 Mundhwa,482
 Mundhwa Manjari Road,483
 Munjaba Vasti,484
 NDA Road,485
 NEAR MOZE COLLEGE GIRLS HOSTEL,486
 NIBM,487
 NIBM Annex,488
 Nagar Road,489
 Nagras Road,490
 Nair Colony,491
 Naka,492
 Nakhate Vasti,493
 Nana Peth,494
 Nande,495
 Nanded,496
 Nanded City,497
 Nanded Phata,498
 Nanded city,499
 Nandel Fata,500
 Nandini Takle Nagar,501
 Nanekarwadi,502
 Narayan Peth,503
 Narayan Peth 411030,504
 Narhe,505
 Navi Peth,506
 Navshydri,507
 Near Alphonso High School,508
 Near City Bus U turn point,509
 Near Datta Mandir,510
 Near Dev krupa HP petrol pump,511
 Near Dhareshwar Temple,512
 Near Fursungi Power House,513
 Near Gail Pump,514
 Near Ganesh Temple,515
 Near Gokul Nagar,516
 Near Gold Gym,517
 Near Kothrud Depot,518
 Near Lotus Hospital,519
 Near Mahendra Antheia Pimpri,520
 Near Rajmudra Hall Subhash Nagar,521
 Near Ram Krishna mangal karyalaya,522
 Near Sai Mandir,523
 Near Shradha hospital keshav nagar mundhwa pune 36,524
 Near Shrushti Coplmex,525
 Near Sunbeam Nursery,526
 Near Thopate Lawns,527
 Near Toll Naka,528
 Near Unique Class,529
 Near Wadgaon Budruk Busstop,530
 Nehru Nagar,531
 Nere,532
 New D P Road,533
 New Nana Peth,534
 New Sanghvi,535
 New Sangvi,536
 New sangavi,537
 Newale Wasti,538
 Nibm,539
 Nigade Nagar,540
 Nigdi,541
 Nigdi Gaothan,542
 Nighoje,543
 Nimbaj Nagar,544
 Nimbalkar Nagar,545
 Niranjan Park,546
 North Hadapsar,547
 Old Sangvi,548
 Old sai template chandnnagar kharadi road,549
 Opp Vidya bhavan highschool,550
 Opp Viman Nagar,551
 Opp. Dhanalaxmi hardware,552
 Opposite Coloumbia Asia Hospital,553
 Opposite niyoshi park,554
 Oxy Villa,555
 PATIL NAGAR,556
 PAUD ROAD KOTHRUD,557
 Padmavati,558
 Padmavati mandir,559
 Panchawati,560
 Panchod,561
 Panchwati,562
 Pandav Nagar,563
 Pandav Nagar Hinjawadi phase1,564
 Pandhare Wasti,565
 Pandhari Nagar,566
 Pandurang Colony,567
 Panmala,568
 Papde Wasti,569
 Paramhans Nagar,570
 Parande Nagar,571
 Parkhe Vasti,572
 Parvati Darshan,573
 Parvati Gaon,574
 Parvati Paytha,575
 Pashan,576
 Pashan Sus Road,577
 Pashan-Sus Road,578
 Pathare Wasti,579
 Patil Nagar,580
 Patrakar Nagar,581
 Paud Gaon,582
 Paud Road,583
 Pawana Nagar,584
 Pawna Nagar,585
 Pendse Colony,586
 Perugate,587
 Phase-3 Hinjewadi,588
 Phase-3 Hinjewadi ,589
 Phugewadi,590
 Phulenagar,591
 Phursungi,592
 Phursungi.,593
 Pimpari Chinchwad,594
 Pimple Gurav,595
 Pimple Gurav bus stop,596
 Pimple Nilakh,597
 Pimple Saudagar,598
 Pimple saudagar,599
 Pimpri,600
 Pimpri Chinchwad,601
 Pimpri-Chinchwad,602
 Pimprigaon,603
 Pingale Wasti,604
 Pirangut,605
 Pirangut Near Hinjewadi Phase 3,606
 Pisoli,607
 Postal Colony,608
 Power House,609
 Prabhat Nagar,610
 Prabhat Road,611
 Pradhikaran,612
 Pragati Nagar,613
 Pranjali Patil Nagar,614
 Prasad Nagar,615
 Prathamesh Park,616
 Prati shirdi sai mandir,617
 Pratibha Nagar,618
 Pratik Nagar,619
 Preet Nagar,620
 Pride World City,621
 Punawale,622
 Pune,623
 Pune 411002,624
 Pune 411007,625
 Pune 411027,626
 Pune 412105,627
 Pune International Airport Area,628
 Pune Mumbai Highway,629
 Pune Nagar Road,630
 Pune Station,631
 Pune Station Road,632
 Pune sholapur Road Opp Fatima Nagar,633
 Pune-411014,634
 Pune-Satara Road,635
 Pune.,636
 Punvale,637
 Punvale Bazar,638
 Pura Bhandari Colony,639
 Purnanagar,640
 Raghav Nagar,641
 Raghavendra Nagar,642
 Raghoba Patil Nagar,643
 Rahatani,644
 Rahatani Nakhate Vasti,645
 Rahatni,646
 Rajaram Patil Nagar,647
 Rajat Rashmi Lane No 5,648
 Rajendra Nagar,649
 Rajeshri Colong Mate Nagar,650
 Rajiv Nagar North,651
 Rakshak Nagar,652
 Ram Nagar,653
 Rambagh Colony,654
 Rambaug Colony,655
 Ramkrishna Paramhans Nagar,656
 Range Hill Estate,657
 Ranjangaon,658
 Rasta Peth,659
 Ratnadeep Colony,660
 Ravet,661
 Renuka Nagar,662
 Right Bhusari Colony,663
 Rohan Mithila -2,664
 Runwal park,665
 Rupeenagar,666
 Rupeenagar Talwade Nigdi,667
 SANGAMWADI,668
 SHIVAJI HOUSING SOCIETY,669
 SP Biryani,670
 Sadashiv Peth,671
 Sade Satra Nali,672
 Sadhu Vaswani Nagar,673
 Sadhunana Tupe Vasti,674
 Sahakar Nagar,675
 Sahu Colony,676
 Sahyadri Park Kondhwa,677
 Sai Colony,678
 Sai Nagar,679
 Sai Nagar Park,680
 Sai Vittal Nagar,681
 Saibaba Nagar,682
 Saidham Colony,683
 Sainath Nagar,684
 Sainik Nagar,685
 Sainikwadi,686
 Sainikwadi Wadgaon Sheri,687
 Sakal Nagar,688
 Sakore Nagar,689
 Sakore Nagar viman nagar,690
 Sakore nagar Vimannagar,691
 Salisbury Park,692
 Salunke Vhar Road,693
 Salunke Vihar,694
 Samarth Colony,695
 Samarth Residence Raykar Mala Jadav DHAYARI Pune,696
 Samartha Colony Baner,697
 Sambhaji Nagar,698
 Samson Nagar,699
 Sanaswadi,700
 Sanewadi,701
 Sangam Nagar,702
 Sangamvadi,703
 Sanghvi,704
 Sangvi,705
 Sanjay Park,706
 Sanmitra Colony,707
 Sant Nagar,708
 Sant Tukaram Nagar,709
 Sant nagar wagholi road lohegaon,710
 Santosh Nagar,711
 Santoshi Mata Nagar,712
 Sasane Colony,713
 Sasane Nagar,714
 Sasane Nagar Hadapsar,715
 Saswad,716
 Satar Nagar,717
 Satav Nagar,718
 Satavwadi,719
 Sathe Nagar,720
 Sector No-1 Bhosari,721
 Sector No-26 Pradhikaran,722
 Sector No-27 Pradhikaran,723
 Sector No-27A Pradhikaran,724
 Sector No-3 Bhosari,725
 Sector No-4 Moshi,726
 Sector No-9 Moshi,727
 Sector-16 Chikhali,728
 Sector-25 Pradhikaran,729
 Sector-29 Ravet,730
 Sector-6 Moshi,731
 Senapati Bapat Road,732
 Seva Nagar,733
 Shahunagar,734
 Shakti Colony,735
 Shani Nagar,736
 Shaniwar Peth,737
 Shaniwar Wada,738
 Shaniwar peth,739
 Shankar Kalat Nagar,740
 Shankar Nagar,741
 Shankarseth Road,742
 Shanti Nagar,743
 Shastri Nagar,744
 Shatrunjay Nagar,745
 Shedge Vasti,746
 Shewalewadi,747
 Shikrapur,748
 Shikshaknagar,749
 Shinde Vasti,750
 Shindenagar,751
 Shindewadi,752
 Shiraswadi,753
 Shirgaon,754
 Shirish Tendulkar Chowk,755
 Shitole Nagar,756
 Shiv Nagar,757
 Shivaji Housing Co-Operative Society,758
 Shivaji Nagar,759
 Shivaji Park,760
 Shivajinagar,761
 Shivane,762
 Shivnagar Chirke Colony,763
 Shivneri Nagar,764
 Shivtirth Nagar,765
 Shree Datta Colony,766
 Shreenath Nagar,767
 Shridharnagar,768
 Shrikrushna Colony,769
 Shriram Nagar,770
 Shukravar Peth,771
 Shukrawar peth,772
 Siddartha Nagar,773
 Siddharth Nagar,774
 Siddheshwar Nagar,775
 Silverwoods Koregaon Park,776
 Sindhi Colony,777
 Sinhagad Road,778
 Sinhagad road Manikbag,779
 Sinhgad College Road,780
 Sinhgad Road,781
 Somantne Phata,782
 Somatane,783
 Somatne Phata,784
 Someshwar Nagar,785
 Someshwarwadi,786
 Somnath Nagar,787
 Somwar Peth,788
 Sopan Baug,789
 Sopan Nagar,790
 St Tukaram Nagar,791
 Subhash Nagar,792
 Sudarshan Nagar,793
 Sukhsagar Nagar,794
 Suresh Nagar,795
 Survey No 15,796
 Suryalok Nagari,797
 Sus,798
 Sus ,799
 Sus Road,800
 Sutarwadi,801
 Swami Samarth Nagar,802
 Swami Samartha Nagar,803
 Swami Vivekanand Nagar,804
 Swar Gate,805
 Swaraj Nagari,806
 Swargate,807
 Swatantrya Sainik Nagar,808
 Tadiwala Road,809
 Talajai Pathar,810
 Talawade,811
 Talegaon,812
 Talegaon Dabhade,813
 Talegaon Dabhade Yashwantnagar,814
 Talegaon Dhabade,815
 Talegaon Dhamdhere,816
 Tanaji Nagar,817
 Tanishq building No.C D E F G co.op hsg society LTD,818
 Tapkir Nagar,819
 Tathawade,820
 Tathvade Udyan,821
 Telco Colony,822
 Tempo chowk,823
 Thergaon,824
 Thite Nagar,825
 Thite Nagar kharadi Pune,826
 Tilekar Nagar,827
 Tilekar Vasti,828
 Tingre Nagar,829
 Triveni nagar,830
 Tukai Darshan,831
 Tukai Nagar,832
 Tukaram Nagar,833
 Tulaja Bhawani Nagar,834
 Ubale Nagar,835
 Uday Baug,836
 Udyog Nagar,837
 Udyognagar,838
 Undri,839
 Undri Chowk,840
 University Road,841
 Upper Indira Nagar,842
 Uravade,843
 Urit Nagar,844
 Uruli Devachi,845
 Uruli Kanchan,846
 Uttam Nagar,847
 Uttamnagar,848
 VANAZ,849
 Vadgaon,850
 Vadgaon Budruk,851
 Vadgaon Maval,852
 Vadgaon Sheri,853
 VadgaonSheri,854
 Vadgaonsheri,855
 Vaiduwadi,856
 Vakil Nagar,857
 Vallabh Nagar,858
 Varale,859
 Vasant Vihar,860
 Vatan Nagar,861
 Vedacharya Phatak Guruji marg,862
 Veerbhadra Nagar,863
 Venkatesh Lake Life,864
 Vidyanagar,865
 Vidyut Nagar,866
 Vighnaharta Nagar,867
 Vijay Nagar,868
 Vijay Vihar,869
 Vikas Nagar,870
 Viman Nagar,871
 Viman Nagar.,872
 Vinayak Nagar,873
 Vintage Vista,874
 Vishal Nagar,875
 Vishal Nagar pimple Nilakh,876
 Vishnu Dev Nagar,877
 Vishnupuram Colony,878
 Vishrantwadi,879
 Vishwashanti colony,880
 Vithai Nagar,881
 Vittalvadi,882
 Vitthal Nagar,883
 Vitthalwadi,884
 Vrundavan Nagar,885
 WAKAD,886
 Wadachi Wadi,887
 Wadebolai,888
 Wadegaon,889
 Wadeshwar Nagar,890
 Wadgaon Budruk,891
 Wadgaon Sheri,892
 Wadgaon sheri Ganesh Nagar Road,893
 Wadgaonsheri,894
 Wadki,895
 Wadmukhwadi,896
 Wageshwar Nagar,897
 Waghela park Talegaon dabhade chakan road 410507,898
 Wagholi,899
 Wagholi awhalwadi road,900
 Wakad,901
 Wakad Annexe,902
 Wakad Kaspate Road,903
 Wakadkar Wasti,904
 Wakdewadi,905
 Walhekarwadi,906
 Walvekar Nagar,907
 Wanawari,908
 Wanowrie,909
 Wanwadi,910
 Waraje Jakat Naka Karvenagar,911
 Warje,912
 Warje Malwadi,913
 Warje Malwadi Near Arya samaj mandir,914
 Warje Malwadi Pune,915
 Wireless Colony,916
 Woods Society Koregaon Park,917
 Yamuna Nagar,918
 Yashoda Colony,919
 Yashwant nagar,920
 Yearwada,921
 Yerwada,922
 Yewalewadi,923
 Yojana Nagar,924
 Z Corner Manjari Bk,925
 adharsh nagar kiwale dehuroad,926
 apla ghar sanaswadi dingrajwadi kalyani forge pune maharashtra,927
 audumbar colony,928
 back side of Iscon temple,929
 baner road,930
 basileo,931
 behind Hardikar Hospital opp Rahul cinema Revenue colonel Shivaji Nagar,932
 beside vishal heritage society,933
 bharati campus dhankawadi,934
 bhekarainagar bus depot,935
 bhosale village,936
 bhugaon,937
 bt kawade toad,938
 chinchwad,939
 dattanagar Dighi,940
 dattawadi,941
 dhankawadi,942
 dhanori,943
 dhanori road,944
 dhayri,945
 ganraj estate,946
 gokhalenagar,947
 gokhalenagar road,948
 hadapsar,949
 hingane home colony karvenagar pune,950
 jadhav rao industrial estate,951
 jagtap dairy pune,952
 jai bhawani nagar,953
 jambe,954
 kaapate wasti,955
 karve nagar,956
 karvenagar,957
 kaspatewasti,958
 katraj,959
 kes nand road,960
 keshav Nagar,961
 keshav nagar,962
 keshav nagar.,963
 kharadi road,964
 kondhwa,965
 kothrud,966
 kothrud depo,967
 kranti Park,968
 krishna nagar,969
 lc fitness club,970
 lohgaon,971
 marvel citrine,972
 mhlunge mhada,973
 modern colony,974
 mohammadwadi,975
 mundhwa,976
 nagrur road aundh,977
 narhe,978
 navnath nagar suvarna garud society,979
 nawazish park society sahiyadhri park ghorpadi gaon,980
 naylor road,981
 near H D F C Bank lane,982
 near MIT,983
 near city pride school,984
 near joglekar nursery,985
 near shree savtamali mandir,986
 nr New Shivaji Nagar bus stand,987
 off JM Road,988
 om super market,989
 opp hotel sahara,990
 opp.t c colony,991
 p s villa socket manjari hadpasr,992
 patwardhan Baug,993
 pawna nagar pimplegurav,994
 pcmc,995
 pimple gurav,996
 pimplegurav,997
 pimpri chinchwad,998
 post office,999
 pride world city charoli,1000
 pune,1001
 pune 14,1002
 pune 411047.,1003
 pune hadpsar manjari,1004
 quarter gate pune,1005
 rajiv gandhi infotec park hinjewadi,1006
 ramkhrishna mangal karyalay,1007
 range hill road,1008
 raykar mala road,1009
 rever residency ph 3 dehu alandi road chikhali moshi pimpri chinchwad,1010
 sahwas society,1011
 sai balaji enclave kharadi,1012
 sainagar kondhwa,1013
 sathe wasti,1014
 shitala devi nagar,1015
 shivshambho nagar,1016
 sr.no31/1,1017
 suvarnyoug colony,1018
 triveninagar,1019
 vadgaon budruk,1020
 vithai nagar,1021
 wadgaon sheri,1022
 wadgaonsheri,1023
 wagholi,1024
 wakad,1025
AGRASEN NAGAR,1026
Aasara lane no D opp shubham mangal karyalay,1027
Adarsh Colony,1028
Airport Road,1029
Akurdi,1030
Alandi,1031
Alandi Road,1032
Alandi Road Bhosari,1033
Ambegaon,1034
Ambegaon Pathar,1035
Anand Nagar,1036
Anand Park Nagar,1037
Apex Colony,1038
Ashok Nagar,1039
Ashoka Nagar,1040
Ashtapur,1041
Aundh,1042
Aundh Road,1043
Aundh anexe,1044
Awhalwadi,1045
B.T Kawade Road,1046
Balaji Nagar,1047
Balewadi,1048
Balewadi Phata,1049
Baner,1050
Baner Pashan Link Road,1051
Bavdhan,1052
Bekrai Nagar,1053
Bhairav Nagar,1054
Bhandarkar House,1055
Bharat Mata Nagar,1056
Bharati Vidyapeeth,1057
Bhausaheb Kalate Nagar,1058
Bhekrai Nagar,1059
Bhosale,1060
Bhosari,1061
Bhugaon,1062
Bhunde Vasti,1063
Bhusari Colony,1064
Bibwewadi Annex,1065
Bibwewadi Kondhwa Road,1066
Bijlinagar,1067
Bopkhel,1068
Borate Vasti,1069
Camp,1070
Chaitanya Nagar,1071
Chakan,1072
Chandan Nagar,1073
Charholi,1074
Chikhali,1075
Chinchwad,1076
Chinchwad Gaon,1077
Chinchwad Morayaraj Park,1078
Dange Chowk,1079
Dattawadi,1080
Dattawadi Akurdi,1081
Daund,1082
Defence Area,1083
Dehu Road,1084
Deshmukhwadi,1085
Dhankawadi,1086
Dhanori,1087
Dhanori Jakat Naka,1088
Dhayari,1089
Dhayari Phata ,1090
Dighi,1091
Dinker pathare wasti lane no. 8,1092
Eon Free Zone ,1093
Fatima Nagar,1094
Fursungi Gaon,1095
GOKULNAGAR,1096
Gaikwad Nagar,1097
Ganesh Nagar,1098
Ganesh nagar,1099
Ganga Nagar,1100
Gangotri Nagar,1101
Ghorpade Peth,1102
Ghorpadi,1103
Giridhar Nagar,1104
Gokhale Nagar,1105
Gokul Nagar,1106
Gondhale Nagar,1107
Gurudwara Colony,1108
Gurukupa colony,1109
Hadapsar,1110
Hadapsar Gaon,1111
Handball stedium,1112
Handewadi,1113
Hinjewadi,1114
Hinjewadi Phase 1,1115
Hinjewadi Phase 2,1116
Ideal Colony,1117
Indrayani Nagar Sector 2,1118
J.M Road,1119
Jadhav Nagar,1120
Jambhe,1121
Jambhulwadi,1122
Janwadi,1123
Jawalkar Nagar,1124
Kad Nagar,1125
Kalas Area,1126
Kale Padal,1127
Kalepadal,1128
Kalewadi,1129
Kalewadi Phata,1130
Kalwad Wasti,1131
Kalyani Nagar,1132
Kanifnath Colony,1133
Karve Nagar,1134
Karve Road,1135
Kasarwadi,1136
Kasba Peth,1137
Kaspate Vasti,1138
Kate Wasti,1139
Katraj,1140
Katraj Kondhwa Road,1141
Kedari Nagar,1142
Keshav Nagar,1143
Keshav Nagar Chinchwad,1144
Kesnand,1145
Khandve Nagar,1146
Khandwe Nagar Wagholi,1147
Kharadi,1148
Kharalwadi,1149
Khese Park,1150
Khopoli,1151
Khradi Choudhari Wasti,1152
Kiwale,1153
Kondhwa,1154
Kondhwa Budruk,1155
Koregaon Park,1156
Koregaon Park Annexe,1157
Kothrud,1158
Kotwalwadi,1159
Lane no 11 sr no 64/3,1160
Lane no 9,1161
Law College Road,1162
Laxman Nagar,1163
Laxmi Nagar,1164
Lohegaon,1165
MALHAR HEIGHTS WAGHOLI,1166
Madhav Nagar,1167
Madhukunj panchwati pashan,1168
Magarpatta,1169
Mahadeonagar,1170
Mahalunge,1171
Maji Sainik Nagar,1172
Malwadi,1173
Mamata housing society,1174
Mangalwar Peth,1175
Manjari Budruk,1176
Manjari Khurd,1177
Manjri,1178
Manjri BK,1179
Marunji,1180
Mate Nagar,1181
Mhada Colony,1182
Mhasoba Nagar,1183
Model Colony,1184
Mohamadwadi,1185
Mohanwadi,1186
Morwadi,1187
Moshi,1188
Mukund Nagar,1189
Mundhwa,1190
Munjaba Vasti,1191
Munjaba Wasti,1192
Munjabawasti Dhanori,1193
Nadhe Nagar,1194
Nana Peth,1195
Nanded,1196
Nandini Takle Nagar,1197
Narayan Peth,1198
Narhe,1199
Near Dutt Mandir,1200
Near Sinhagad collage vadgowon,1201
Near Vijay sales,1202
Near chinchwad railway station,1203
Nere,1204
Netaji Nagar,1205
New Sanghvi,1206
Nigade Nagar,1207
Nigdi,1208
Nimbalkar Nagar,1209
Old Sangvi,1210
Old sangvi,1211
Opp. Noble Hospital,1212
PUNE 411041,1213
Padmavati,1214
Panchod,1215
Papde Wasti,1216
Parande Nagar,1217
Parvati Gaon,1218
Parvati Paytha,1219
Pashan,1220
Pashan-Sus Road,1221
Pathare Wasti,1222
Paud Road,1223
Pawarwasti Lohegaon wagholi road,1224
Phase-3 Hinjewadi ,1225
Phulenagar,1226
Phursungi,1227
Pimple Gurav,1228
Pimple Nilakh,1229
Pimple Saudagar,1230
Pimpri,1231
Pimpri Chinchwad,1232
Pisoli,1233
Postal Colony,1234
Pradhikaran,1235
Pratik Nagar,1236
Pune,1237
Pune Sholapur Road,1238
Pune-27,1239
Raghoba Patil Nagar,1240
Rahatani,1241
Rajashri Colony,1242
Raje Shivaji Nagar,1243
Rajiv Gandhi Nagar,1244
Rajiv Nagar North,1245
Rajmata Jijau Colony,1246
Rakshak Nagar,1247
Ramnagar Bavdhan,1248
Ranjangaon,1249
Rasta Peth,1250
Ravet,1251
Rupee Housing Society,1252
Rupeenagar,1253
SUKHSAGAR 1 NAGAR KATRAJ,1254
Sadashiv Peth,1255
Sahakar Nagar,1256
Sahakarnagar,1257
Sahu Colony,1258
Sainath Nagar,1259
Sainath Nagar-Vadgaonsheri,1260
Sainikwadi,1261
Sainkwadi Wadgaon sheri,1262
Salisbury Park,1263
Samarth Colony,1264
Samarth Nagar,1265
Sanewadi,1266
Sangamvadi,1267
Sanghvi,1268
Sanjay Park,1269
Sanjay Park Airport Road,1270
Sant Nagar,1271
Sant Tukaram Nagar,1272
Sarita Vihar,1273
Sasane Nagar,1274
Satavwadi,1275
Sathe Nagar,1276
Sathe Wasti Lohegaon,1277
Sector No-27 Pradhikaran,1278
Sector No-4 Moshi,1279
Shaniwar Peth,1280
Shankarseth Road,1281
Shastri Nagar,1282
Shikrapur,1283
Shindenagar,1284
Shiv Colony,1285
Shivaji Nagar,1286
Shivane,1287
Shivtej Nagar,1288
Shreenath Nagar,1289
Shukrawar Peth,1290
Siddarth Nagar-Aundh,1291
Siddartha Nagar,1292
Siddheshwar Nagar,1293
Sinhgad Road,1294
Somatne Phata,1295
Somnath Nagar,1296
Sudarshan Colony No 5 Wakad,1297
Sudarshan Nagar,1298
Sukhsagar Nagar,1299
Sukhsagarnagar,1300
Sunita Nagar,1301
Sus ,1302
Talajai Pathar,1303
Talegaon,1304
Talegaon Dabhade,1305
Taware Colony,1306
Thergaon,1307
Thite Nagar,1308
Thite Nagar kharadi,1309
Tilekar Nagar,1310
Tingre Nagar,1311
Tukai Darshan,1312
Tukaram Nagar,1313
Ubale Nagar,1314
Udyog Nagar,1315
Undri,1316
Uruli Devachi,1317
Vadgaon Budruk,1318
Vadgaon Maval,1319
Vadgaon Sheri,1320
Vallabh Nagar,1321
Varsha Park Society,1322
Veerbhadra Nagar,1323
Vighnaharta Nagar,1324
Vijay Nagar,1325
Vikas Nagar,1326
Viman Nagar,1327
Vishal Nagar,1328
Vishrantwadi,1329
Vitthal Nagar,1330
Wadegaon,1331
Wadgaon Budruk,1332
Wadgaon Sheri,1333
Wagholi,1334
Wakad,1335
Walhekarwadi,1336
Walvekar Nagar,1337
Wanawari,1338
Wanowrie,1339
Warje,1340
Warje Malwadi,1341
Yamuna Nagar,1342
Yashwant nagar,1343
Yashwantrao Chavan Nagar,1344
Yerwada,1345
Yeshwantnagar,1346
Yewalewadi,1347
ambegaon khurd,1348
behind gold gym,1349
bramhachaitanya society,1350
chandrika society near chandralok hospital,1351
ganganagar fursungi pune 412308,1352
gatha mandir,1353
kalas,1354
keshav Nagar Chinchwadgaon,1355
kondhwe dhawde near NDA gate in pune,1356
kundan paradise,1357
lohegaon,1358
mundhwa,1359
near Yash Hospital,1360
pandavdand road loni kalbhor,1361
pimple gurav,1362
punavale,1363
pune,1364
sangavi,1365
silver oak,1366
thergaon,1367
tilekar nagar kondhwa bk ganpati templ near lan nu 4,1368
vadgao Budruk,1369
vikas chowk,1370
vishrantwadi,1371
wadgoan sheri,1372
waghere Colony no.4,1373
yerwada,1374
